cow_id,date,feed_kg,feed_type
Y3782,2024-01-02,22.23,Silage
N7280,2024-01-04,20.47,Silage
U6809,2024-01-04,19.04,Silage
O194,2024-01-05,21.66,Hay
I5026,2024-01-05,18.78,Silage
S6097,2024-01-05,17.05,Silage
E6182,2024-01-08,21.9,Silage
F9953,2024-01-09,15.94,Silage
G1028,2024-01-09,17.09,Silage
Z7830,2024-01-09,17.25,Hay
A7863,2024-01-10,20.76,Silage
Q9174,2024-01-10,18.27,Silage
Y3782,2024-01-11,19.41,Silage
Q711,2024-01-11,25.69,Silage
K3463,2024-01-11,20.63,Silage
I7447,2024-01-12,22.3,Silage
G150,2024-01-12,14.77,Silage
R3357,2024-01-12,21.49,Silage
Q711,2024-01-12,17.96,Silage
Z3123,2024-01-13,20.94,Silage
S5427,2024-01-13,19.44,Silage
I5026,2024-01-14,24.1,Hay
K3463,2024-01-14,22.15,Hay
M4054,2024-01-15,21.79,Silage
Z4043,2024-01-15,17.16,Hay
W8010,2024-01-16,19.52,Silage
G150,2024-01-16,18.84,Silage
U6809,2024-01-16,22.45,Silage
V4575,2024-01-17,17.89,Silage
P6677,2024-01-17,20.51,Silage
T5602,2024-01-17,22,Silage
Y3782,2024-01-17,20.56,Silage
U8535,2024-01-17,21.38,Hay
G8171,2024-01-18,19.48,Silage
E3229,2024-01-18,17.37,Silage
Y4775,2024-01-18,24.25,Silage
T4649,2024-01-19,24.95,Silage
U8535,2024-01-19,18.98,Silage
E3229,2024-01-20,21.4,Hay
A7863,2024-01-20,21.29,Hay
Q711,2024-01-20,17.27,Hay
A7863,2024-01-20,21.51,Hay
B984,2024-01-20,19.83,Silage
I7447,2024-01-20,20.02,Silage
T4649,2024-01-20,18.75,Silage
F2131,2024-01-20,16.77,Silage
V3979,2024-01-20,23.14,Silage
B3068,2024-01-20,21.83,Silage
Y4092,2024-01-20,17.96,Silage
T5602,2024-01-20,23.13,Silage
U6809,2024-01-21,21.33,Hay
E5966,2024-01-22,19.73,Hay
J6910,2024-01-23,25.12,Silage
I2506,2024-01-23,13.4,Silage
K4714,2024-01-25,19.24,Hay
B3068,2024-01-25,14.35,Silage
O8173,2024-01-25,15.27,Silage
L9829,2024-01-26,18.47,Silage
S5427,2024-01-26,23.18,Silage
G685,2024-01-26,21.32,Silage
S6097,2024-01-27,23.94,Silage
J9639,2024-01-28,24.29,Silage
D9038,2024-01-29,19.97,Silage
S5427,2024-01-29,16.26,Silage
G1028,2024-01-30,24.54,Silage
J7734,2024-01-30,15.43,Silage
T5602,2024-01-30,16.36,Silage
Q3500,2024-01-30,20.97,Hay
Z7830,2024-01-30,27.25,Silage
Q9174,2024-01-30,20.66,Silage
O7477,2024-01-31,20.08,Silage
T4649,2024-01-31,19.04,Silage
G685,2024-01-31,20.6,Silage
H2377,2024-02-01,21,Silage
V9643,2024-02-01,17.13,Hay
K3463,2024-02-01,24.63,Silage
M4054,2024-02-01,14.38,Hay
Q3500,2024-02-02,17.06,Silage
E6182,2024-02-02,22.79,Hay
Q9174,2024-02-02,19.76,Silage
U6809,2024-02-02,12.13,Silage
O6552,2024-02-02,14.99,Silage
U6809,2024-02-03,20.67,Silage
Y4775,2024-02-04,19.3,Hay
V3948,2024-02-05,18.03,Silage
G1028,2024-02-05,21.67,Silage
F5883,2024-02-05,18.21,Silage
D8719,2024-02-06,22.3,Silage
Q711,2024-02-08,20.5,Silage
T5602,2024-02-09,17.98,Silage
R3357,2024-02-11,15.74,Silage
Y4092,2024-02-13,16.37,Hay
C4705,2024-02-14,15.34,Silage
F5883,2024-02-14,22.49,Silage
B984,2024-02-15,22.22,Hay
J7734,2024-02-15,14.91,Silage
E3229,2024-02-15,20.72,Silage
J9639,2024-02-15,19.98,Hay
Y7815,2024-02-15,18.36,Silage
O6552,2024-02-17,25.54,Silage
Q711,2024-02-17,20.04,Silage
R3357,2024-02-18,23.2,Silage
N7280,2024-02-18,20.3,Silage
E6182,2024-02-18,16.07,Silage
S6386,2024-02-18,20.92,Silage
E6182,2024-02-18,13.47,Silage
I5026,2024-02-19,15.73,Silage
V3979,2024-02-20,13.51,Hay
U6809,2024-02-20,18.51,Silage
S6097,2024-02-20,25.81,Silage
P3832,2024-02-20,20.58,Hay
O194,2024-02-20,24.68,Silage
Z3123,2024-02-20,19.99,Silage
V9643,2024-02-20,13.8,Silage
U8535,2024-02-20,27.13,Hay
D8719,2024-02-20,27.13,Silage
Q3500,2024-02-20,20.57,Silage
V3948,2024-02-20,22.24,Silage
U5357,2024-02-20,19.48,Silage
U6809,2024-02-20,15.71,Silage
T4649,2024-02-20,16.11,Silage
G2757,2024-02-20,21.49,Hay
Z7830,2024-02-21,23.31,Silage
V3948,2024-02-21,20.87,Silage
R5369,2024-02-21,17.83,Silage
M4054,2024-02-21,18.36,Silage
G8171,2024-02-23,21.25,Hay
Q711,2024-02-24,13.12,Silage
Y4092,2024-02-24,20.4,Silage
K9325,2024-02-25,22.78,Silage
I7447,2024-02-25,19.23,Silage
U1955,2024-02-25,22.9,Silage
J6910,2024-02-26,17.49,Silage
G685,2024-02-26,22.33,Hay
R3357,2024-02-27,25.28,Silage
T4649,2024-02-28,20.9,Silage
Y4775,2024-02-28,19.56,Silage
J6910,2024-02-29,21.12,Hay
K4714,2024-02-29,18.52,Silage
Z4043,2024-02-29,18.43,Silage
H9517,2024-02-29,15.26,Silage
H985,2024-03-01,24.3,Silage
N9692,2024-03-01,17.22,Silage
Q9174,2024-03-01,19.67,Silage
F9953,2024-03-01,16.29,Silage
I5026,2024-03-03,17.59,Hay
R4684,2024-03-04,16.32,Silage
I7447,2024-03-04,23.84,Silage
J6910,2024-03-04,26.44,Silage
L9829,2024-03-05,17.86,Silage
T4649,2024-03-07,17.2,Silage
C7126,2024-03-07,17.36,Silage
Y6643,2024-03-07,20.86,Silage
Y3782,2024-03-08,18.75,Silage
Y7815,2024-03-09,20.82,Silage
D8719,2024-03-09,18.32,Silage
Z7830,2024-03-10,26.69,Hay
E3229,2024-03-10,21.61,Hay
Z7830,2024-03-11,20.97,Silage
V9643,2024-03-11,15.49,Silage
U8535,2024-03-11,17.5,Silage
S6386,2024-03-11,19.6,Hay
P6677,2024-03-12,15.68,Silage
F2131,2024-03-12,21.78,Silage
Y7815,2024-03-12,21.6,Silage
S6097,2024-03-13,19.17,Hay
V7756,2024-03-13,23.73,Hay
N9692,2024-03-13,20.43,Silage
P6677,2024-03-13,23.56,Silage
V3948,2024-03-14,18.24,Hay
F5883,2024-03-14,22.66,Hay
R5369,2024-03-14,16.98,Silage
Y3782,2024-03-14,21.88,Hay
J6077,2024-03-14,24.95,Silage
F5883,2024-03-15,19.91,Silage
R3357,2024-03-15,18.54,Silage
O8173,2024-03-15,24.46,Hay
I5026,2024-03-15,19.86,Silage
K9325,2024-03-15,15.02,Hay
J9639,2024-03-15,20.16,Silage
O8173,2024-03-16,21.77,Silage
R4684,2024-03-16,16.12,Hay
F5883,2024-03-16,16.74,Silage
Y4092,2024-03-17,12.66,Hay
H9517,2024-03-17,22.71,Silage
G8171,2024-03-17,18.72,Silage
J9639,2024-03-17,21.57,Silage
C7126,2024-03-18,21.04,Silage
P6677,2024-03-19,14.92,Silage
F9953,2024-03-19,18.12,Silage
V472,2024-03-20,17.65,Hay
U6809,2024-03-20,16.73,Hay
S9300,2024-03-20,23.26,Silage
R3357,2024-03-20,21.44,Silage
U8535,2024-03-20,24.67,Silage
I1385,2024-03-20,12.81,Silage
F9953,2024-03-20,17.28,Hay
H9517,2024-03-20,15.28,Silage
B984,2024-03-20,17.2,Silage
E3229,2024-03-20,19.67,Silage
Y9266,2024-03-20,18.39,Hay
O8173,2024-03-20,19.3,Silage
N9692,2024-03-21,18.07,Silage
J6077,2024-03-21,17.72,Silage
N9692,2024-03-21,22.37,Silage
Q3500,2024-03-21,21.14,Silage
Y4092,2024-03-21,24.95,Silage
V3948,2024-03-22,26.8,Silage
K4714,2024-03-22,20.92,Hay
Q711,2024-03-23,23.88,Silage
G2757,2024-03-23,21.04,Silage
B984,2024-03-25,27.62,Silage
S5427,2024-03-26,16.99,Silage
K9325,2024-03-26,17.53,Silage
M2207,2024-03-26,22.44,Silage
L4232,2024-03-27,17.36,Silage
A7863,2024-03-27,21.31,Silage
Y3782,2024-03-28,20.84,Hay
G685,2024-03-29,20.81,Hay
I5026,2024-03-29,24.87,Silage
J6077,2024-03-30,17.9,Hay
V4575,2024-03-30,16.71,Silage
S9300,2024-03-31,22.11,Silage
V9643,2024-04-01,22.99,Silage
C7126,2024-04-01,19.89,Silage
M4054,2024-04-01,18.63,Silage
V3948,2024-04-02,15.79,Silage
M2207,2024-04-03,17.77,Silage
F5883,2024-04-03,21.62,Silage
Y3782,2024-04-04,14.49,Silage
D8719,2024-04-04,13.69,Silage
Z4043,2024-04-05,19.42,Silage
H9517,2024-04-05,15.59,Hay
P6677,2024-04-05,16.58,Silage
O8173,2024-04-05,19.51,Hay
Q3500,2024-04-05,24.63,Silage
J7734,2024-04-07,20.77,Silage
Q3500,2024-04-07,21.69,Silage
K3463,2024-04-07,24.41,Silage
E5966,2024-04-08,21.53,Hay
E3229,2024-04-10,16.03,Silage
Y7815,2024-04-10,11.22,Silage
B3068,2024-04-11,21.47,Silage
E3229,2024-04-11,19.42,Silage
C7126,2024-04-11,16.75,Silage
T5602,2024-04-11,19.37,Silage
G685,2024-04-12,17.38,Silage
L9829,2024-04-13,22.71,Hay
H2377,2024-04-13,16.46,Silage
T5602,2024-04-13,20.06,Silage
K3463,2024-04-13,24.88,Silage
D8719,2024-04-14,21.38,Silage
W8010,2024-04-14,21.18,Silage
H985,2024-04-15,14.97,Hay
I5026,2024-04-16,24.89,Silage
M2207,2024-04-17,22.48,Hay
G150,2024-04-17,24.33,Hay
B984,2024-04-17,18.05,Hay
D9038,2024-04-18,19.52,Silage
Y4775,2024-04-18,14.18,Silage
M2207,2024-04-20,24.52,Silage
S5427,2024-04-20,20.82,Hay
S5427,2024-04-20,17.66,Silage
F2131,2024-04-20,21.98,Hay
Y9266,2024-04-20,20.1,Hay
V9643,2024-04-20,18.36,Silage
G1028,2024-04-20,22.54,Silage
M4054,2024-04-20,20.84,Silage
C7126,2024-04-21,16.78,Silage
Y9266,2024-04-22,15.99,Silage
Q3500,2024-04-23,20.97,Hay
G150,2024-04-23,23.6,Hay
L9829,2024-04-23,19.28,Silage
V472,2024-04-23,20.54,Silage
B984,2024-04-24,18.28,Silage
I1385,2024-04-24,18.54,Silage
I8517,2024-04-24,18.27,Silage
I5026,2024-04-24,14.09,Silage
C4705,2024-04-25,22.2,Silage
I7447,2024-04-25,17.78,Silage
V7756,2024-04-26,24.46,Silage
Q9174,2024-04-26,22.7,Silage
S5427,2024-04-26,19.65,Silage
A7863,2024-04-27,20.82,Silage
E6182,2024-04-27,13.27,Silage
N7280,2024-04-27,23.17,Silage
F2131,2024-04-29,20.61,Silage
Y6643,2024-04-30,21.38,Silage
E5966,2024-04-30,17.11,Silage
V3979,2024-04-30,22.1,Silage
S9300,2024-04-30,22.59,Silage
V9643,2024-05-01,24.28,Silage
E9760,2024-05-01,18.23,Silage
Y4775,2024-05-02,18.77,Hay
Q9174,2024-05-02,22.09,Silage
J6910,2024-05-03,21.87,Hay
I7447,2024-05-05,13.32,Silage
U6809,2024-05-05,13.38,Silage
R3357,2024-05-06,20.95,Silage
V7756,2024-05-06,25.26,Silage
G1028,2024-05-09,14.97,Silage
E3229,2024-05-09,20.68,Silage
G685,2024-05-10,17.04,Silage
I2506,2024-05-11,14.87,Silage
S6386,2024-05-11,22.37,Silage
W8010,2024-05-11,20.36,Silage
M2207,2024-05-11,22,Hay
U6809,2024-05-12,20.24,Silage
Y7815,2024-05-13,19.25,Silage
Z4043,2024-05-14,21.91,Silage
S6097,2024-05-14,20.48,Silage
Z4043,2024-05-15,17.06,Silage
H985,2024-05-15,25.75,Silage
T5602,2024-05-15,20.12,Silage
O6552,2024-05-15,18.85,Silage
T5602,2024-05-15,14.05,Hay
R4684,2024-05-16,19.49,Silage
U1955,2024-05-16,20.6,Silage
E5966,2024-05-16,25.79,Silage
Y4092,2024-05-17,18.77,Silage
Q3500,2024-05-17,21.25,Hay
Q3500,2024-05-17,18.36,Hay
V9643,2024-05-17,17.71,Silage
I7447,2024-05-17,24.24,Silage
L4232,2024-05-18,17.94,Hay
F5883,2024-05-18,19.96,Silage
P6677,2024-05-18,17.49,Silage
B984,2024-05-18,22.55,Silage
N7280,2024-05-19,17.45,Silage
K9325,2024-05-19,18.5,Silage
Y4775,2024-05-20,20.08,Silage
E3229,2024-05-20,17.34,Silage
U8535,2024-05-20,17.76,Silage
H985,2024-05-20,20.03,Silage
G1028,2024-05-20,23.28,Silage
T5602,2024-05-20,23,Hay
Y9266,2024-05-20,15.56,Hay
N9692,2024-05-20,21.42,Silage
N9692,2024-05-20,19.06,Silage
F9953,2024-05-20,19.39,Hay
S6386,2024-05-20,21.09,Hay
V9643,2024-05-20,20.44,Silage
Q3500,2024-05-21,16.81,Silage
G1028,2024-05-22,26.28,Silage
G150,2024-05-22,17.99,Silage
L4232,2024-05-22,23.18,Hay
S5427,2024-05-22,18.97,Hay
V9643,2024-05-22,20.17,Hay
V3979,2024-05-23,20.27,Silage
V472,2024-05-23,17.1,Silage
V3948,2024-05-23,18.55,Silage
L9829,2024-05-24,24.22,Silage
S5427,2024-05-24,20.47,Hay
G8171,2024-05-25,20.07,Silage
V3948,2024-05-26,17.55,Silage
W8010,2024-05-26,20.94,Silage
Q3500,2024-05-26,21.41,Silage
Y6643,2024-05-26,19.49,Silage
N9197,2024-05-26,21.89,Silage
J6910,2024-05-28,18.89,Silage
V3948,2024-05-28,19.03,Hay
M2207,2024-05-29,20.51,Hay
N9692,2024-05-29,17.15,Silage
Q3500,2024-05-30,22.86,Silage
Y4092,2024-05-30,21.83,Silage
M4054,2024-05-31,13.57,Silage
Y9266,2024-05-31,20.92,Hay
J7734,2024-05-31,19.11,Silage
F2131,2024-06-01,21.37,Hay
Q9174,2024-06-01,23.15,Silage
P3832,2024-06-02,20.01,Silage
C4705,2024-06-02,19.32,Silage
S6386,2024-06-02,22.37,Silage
O194,2024-06-02,19.85,Silage
H2377,2024-06-03,15.85,Silage
J6077,2024-06-03,20.47,Hay
H2377,2024-06-03,21.56,Silage
Z7830,2024-06-03,21.56,Silage
S9300,2024-06-03,16.87,Silage
G1028,2024-06-03,16.32,Silage
I7447,2024-06-04,15.17,Hay
U6809,2024-06-04,18.68,Silage
V472,2024-06-04,17.36,Silage
M1583,2024-06-04,19.15,Silage
M1583,2024-06-05,19.57,Silage
C7126,2024-06-05,22.92,Silage
Y9266,2024-06-05,19.24,Hay
Y3782,2024-06-05,16.61,Silage
I7447,2024-06-07,22.93,Silage
S9300,2024-06-07,13.8,Hay
O7477,2024-06-09,20.05,Silage
U1955,2024-06-10,16.52,Hay
Z3123,2024-06-10,17.98,Silage
Y7815,2024-06-10,18.1,Silage
G1028,2024-06-10,18.74,Silage
S6097,2024-06-10,20.93,Silage
Y6643,2024-06-11,19.22,Silage
O7477,2024-06-11,18.98,Silage
Q711,2024-06-11,19.72,Hay
H985,2024-06-12,14.94,Silage
U1955,2024-06-13,15.79,Silage
I2506,2024-06-13,23.57,Silage
V3948,2024-06-13,20,Silage
S9300,2024-06-13,26.04,Hay
K3463,2024-06-13,15.93,Silage
U1955,2024-06-14,23.09,Hay
V3948,2024-06-14,20.54,Silage
I1385,2024-06-14,20.69,Hay
R4684,2024-06-15,18.71,Hay
V3979,2024-06-15,19.86,Hay
L4232,2024-06-15,19.05,Hay
Y9266,2024-06-16,18.35,Silage
Z7830,2024-06-17,17.34,Silage
G685,2024-06-17,21.23,Silage
O8173,2024-06-17,26.72,Silage
Y4092,2024-06-17,22.6,Silage
T4649,2024-06-18,14.27,Hay
D8719,2024-06-19,18.8,Silage
C4705,2024-06-19,20.17,Hay
H985,2024-06-19,19.37,Hay
Q9174,2024-06-20,19.84,Silage
G685,2024-06-20,20.77,Hay
R4684,2024-06-20,16.99,Silage
V9643,2024-06-20,17.74,Silage
W8010,2024-06-20,20.95,Silage
U5357,2024-06-20,20.69,Hay
I8517,2024-06-21,18.77,Hay
J7734,2024-06-22,18.67,Silage
E9760,2024-06-22,17.89,Silage
W8010,2024-06-23,24.73,Silage
G685,2024-06-23,20.2,Silage
K3463,2024-06-23,23.5,Silage
G685,2024-06-23,15.97,Hay
H985,2024-06-23,19.26,Silage
P3832,2024-06-24,16.86,Silage
G1028,2024-06-24,21.94,Silage
E3229,2024-06-25,15.74,Hay
K4714,2024-06-25,21.82,Silage
Y7815,2024-06-25,20.29,Silage
S6386,2024-06-26,15.16,Silage
Q3500,2024-06-26,11.37,Silage
A7863,2024-06-27,14.47,Hay
N9692,2024-06-27,20.97,Hay
I1385,2024-06-27,19.31,Silage
I5026,2024-06-29,17.72,Silage
U1955,2024-06-29,17.19,Silage
E9760,2024-06-29,23.57,Silage
K4714,2024-06-29,25.34,Silage
L9829,2024-06-29,16.48,Silage
J6077,2024-06-30,21.27,Silage
S9300,2024-07-01,20.97,Hay
Y4092,2024-07-01,18.5,Silage
R3357,2024-07-02,21.34,Silage
E3229,2024-07-02,13.45,Silage
Z3123,2024-07-03,17.04,Hay
Q711,2024-07-03,26.07,Silage
V4575,2024-07-04,20.87,Silage
P3832,2024-07-05,24.15,Silage
M1583,2024-07-06,17.74,Hay
D9038,2024-07-06,15.22,Silage
V9643,2024-07-07,12.23,Silage
R4684,2024-07-07,22.31,Silage
G150,2024-07-08,16.56,Silage
S5427,2024-07-08,25.23,Silage
V472,2024-07-08,16.97,Hay
V3948,2024-07-09,22.34,Silage
M2207,2024-07-09,19.77,Silage
T4649,2024-07-09,17.4,Silage
Z3123,2024-07-10,20.8,Silage
E6182,2024-07-10,21.29,Silage
W8010,2024-07-10,21.88,Silage
R5369,2024-07-11,21.18,Silage
O6552,2024-07-12,18.76,Silage
J6077,2024-07-12,20.75,Silage
O7477,2024-07-12,16.12,Silage
Q3500,2024-07-13,22.99,Silage
B3068,2024-07-13,23,Hay
I8517,2024-07-14,24.23,Hay
E9760,2024-07-16,18.51,Silage
P3832,2024-07-16,17.22,Silage
G8171,2024-07-16,23.96,Silage
I5026,2024-07-16,19.41,Hay
J6910,2024-07-16,23.62,Hay
G685,2024-07-17,15.16,Silage
V3948,2024-07-17,19.89,Silage
I2506,2024-07-17,13.56,Silage
J7734,2024-07-17,20.54,Silage
Q711,2024-07-17,20.01,Hay
H985,2024-07-18,23.79,Silage
N9197,2024-07-19,27.14,Silage
E6182,2024-07-20,22.18,Silage
T4649,2024-07-20,18.29,Silage
V4575,2024-07-20,22.21,Silage
N7280,2024-07-20,16.84,Hay
V472,2024-07-20,18.2,Hay
N9692,2024-07-20,25.42,Silage
I8517,2024-07-20,24.48,Silage
E6182,2024-07-20,19.64,Silage
G685,2024-07-20,25.01,Silage
I5026,2024-07-20,18.77,Silage
Y3782,2024-07-20,23.38,Hay
J9639,2024-07-20,22.43,Silage
G2757,2024-07-20,23.7,Silage
J6077,2024-07-20,21.62,Silage
J7734,2024-07-21,21.51,Silage
J6077,2024-07-21,21.63,Silage
R5369,2024-07-21,24.19,Silage
Y6643,2024-07-21,20.61,Silage
V472,2024-07-22,21.61,Silage
B984,2024-07-22,21.93,Silage
U8535,2024-07-22,23.65,Silage
Y4775,2024-07-23,18.77,Hay
O8173,2024-07-23,18.95,Silage
H2377,2024-07-23,17.57,Hay
V472,2024-07-23,20.23,Silage
K3463,2024-07-23,20.79,Silage
G2757,2024-07-25,21.43,Silage
Y4092,2024-07-25,22.09,Silage
U5357,2024-07-25,18.69,Silage
D8719,2024-07-26,20.74,Silage
M4054,2024-07-26,21.61,Hay
U5357,2024-07-26,21.71,Silage
Y7815,2024-07-27,18.4,Hay
L9829,2024-07-28,21.41,Silage
I7447,2024-07-28,21.54,Hay
L4232,2024-07-29,23.02,Silage
R3357,2024-07-29,21.4,Hay
J9639,2024-07-29,15.02,Silage
L9829,2024-07-29,18.4,Silage
V9643,2024-07-31,20.54,Hay
H985,2024-07-31,19.49,Silage
I2506,2024-07-31,21.14,Silage
G150,2024-07-31,21.55,Silage
W8010,2024-08-01,17.26,Silage
S6097,2024-08-02,19.13,Silage
G150,2024-08-02,22.56,Silage
S6386,2024-08-03,19.64,Hay
C7126,2024-08-03,20.14,Silage
K9325,2024-08-03,26.36,Hay
Q711,2024-08-04,18.8,Hay
Y7815,2024-08-05,22.96,Silage
P6677,2024-08-05,25.86,Silage
Z3123,2024-08-06,17.47,Silage
O194,2024-08-07,20.35,Silage
J6077,2024-08-07,23.01,Silage
K9325,2024-08-07,20.29,Silage
H985,2024-08-07,16.98,Silage
I7447,2024-08-07,19.7,Silage
K4714,2024-08-08,16.06,Silage
Y3782,2024-08-08,16.77,Silage
A7863,2024-08-10,23.93,Silage
R3357,2024-08-10,20.29,Silage
G8171,2024-08-10,21.89,Hay
T5602,2024-08-11,21.61,Silage
Z7830,2024-08-11,21.99,Hay
B3068,2024-08-12,23.96,Silage
V4575,2024-08-12,22.32,Hay
N9197,2024-08-12,27.93,Silage
N9692,2024-08-12,21.96,Silage
J6077,2024-08-13,25.45,Hay
O8173,2024-08-13,18.13,Silage
S6386,2024-08-14,17.87,Hay
I5026,2024-08-14,13.81,Silage
O194,2024-08-15,21.74,Silage
S6386,2024-08-16,20.16,Silage
U1955,2024-08-16,21.37,Silage
R5369,2024-08-16,8.52,Silage
M4054,2024-08-17,20.65,Hay
C4705,2024-08-17,17.48,Silage
B984,2024-08-18,16.37,Silage
Q3500,2024-08-18,22.92,Silage
V472,2024-08-18,22.12,Silage
K9325,2024-08-18,15.3,Hay
K9325,2024-08-19,20.45,Silage
H2377,2024-08-19,19.44,Hay
S9300,2024-08-20,22.96,Silage
Y4775,2024-08-20,21.47,Silage
J6910,2024-08-20,22.66,Hay
L9829,2024-08-20,19.37,Silage
W8010,2024-08-20,19.08,Silage
K4714,2024-08-20,16.79,Silage
Q711,2024-08-20,17.29,Silage
B3068,2024-08-20,23.13,Silage
F2131,2024-08-20,20.7,Silage
F9953,2024-08-20,21.93,Hay
O7477,2024-08-20,24.33,Silage
S6386,2024-08-20,23.76,Silage
E5966,2024-08-20,20.41,Hay
E3229,2024-08-21,18.97,Silage
B3068,2024-08-22,18.47,Silage
V3979,2024-08-23,14.92,Hay
R5369,2024-08-23,20.9,Hay
I1385,2024-08-23,19.31,Hay
L4232,2024-08-23,20.32,Silage
G2757,2024-08-23,18.36,Silage
R4684,2024-08-24,26.43,Silage
C4705,2024-08-24,15.97,Silage
V3979,2024-08-25,18.7,Silage
T5602,2024-08-25,16.83,Silage
G8171,2024-08-25,15.87,Silage
W8010,2024-08-25,22.55,Silage
F2131,2024-08-26,15.8,Hay
M2207,2024-08-26,20.32,Silage
Y6643,2024-08-26,21.58,Silage
E5966,2024-08-26,17.53,Silage
H985,2024-08-27,20.96,Hay
E5966,2024-08-27,17.55,Hay
Q9174,2024-08-28,20.73,Silage
I1385,2024-08-28,16.79,Silage
Z4043,2024-08-28,21.17,Silage
E3229,2024-08-29,19.19,Silage
S6097,2024-08-30,20.6,Silage
I2506,2024-08-30,18.93,Silage
A7863,2024-09-01,17.66,Silage
R4684,2024-09-01,24.03,Silage
Q3500,2024-09-03,18.45,Hay
Y7815,2024-09-04,24.71,Silage
G2757,2024-09-05,25.04,Hay
V7756,2024-09-05,20.89,Silage
G2757,2024-09-07,22.43,Silage
Y6643,2024-09-07,23.27,Silage
J6910,2024-09-07,17.94,Silage
L9829,2024-09-07,22.9,Silage
Y7815,2024-09-07,17.31,Hay
S6097,2024-09-07,16.3,Hay
E5966,2024-09-08,18.28,Hay
W8010,2024-09-08,14.39,Silage
F9953,2024-09-08,15.79,Silage
Y3782,2024-09-09,17.9,Silage
P3832,2024-09-09,22.9,Hay
J6910,2024-09-09,22.49,Hay
Z7830,2024-09-09,20.42,Silage
E6182,2024-09-10,16.71,Hay
L4232,2024-09-10,18.6,Hay
S6386,2024-09-10,18.96,Silage
V9643,2024-09-11,17.16,Silage
F9953,2024-09-11,19.78,Hay
B3068,2024-09-11,24.88,Silage
J7734,2024-09-12,23.03,Hay
R4684,2024-09-12,19.72,Hay
J7734,2024-09-12,23.48,Silage
E6182,2024-09-13,20.79,Silage
V472,2024-09-14,23.76,Hay
M2207,2024-09-15,19.43,Silage
E3229,2024-09-15,22.13,Silage
K4714,2024-09-15,23.14,Silage
I5026,2024-09-16,17.09,Silage
I7447,2024-09-16,14.73,Silage
M2207,2024-09-17,20.08,Hay
I7447,2024-09-17,19.57,Silage
V472,2024-09-17,20.85,Silage
Y9266,2024-09-17,21,Silage
P3832,2024-09-17,21.34,Silage
V472,2024-09-17,25.1,Silage
Y4092,2024-09-17,20.86,Silage
O6552,2024-09-18,17.99,Hay
V7756,2024-09-18,16.37,Silage
C4705,2024-09-18,22.58,Silage
J9639,2024-09-19,21.88,Silage
T4649,2024-09-20,22.73,Silage
L9829,2024-09-20,19.99,Silage
E5966,2024-09-20,18.26,Silage
V9643,2024-09-20,17.37,Silage
D9038,2024-09-20,31.56,Silage
U5357,2024-09-20,18.92,Silage
O8173,2024-09-20,16.61,Hay
Z4043,2024-09-20,19.25,Silage
T5602,2024-09-20,21.96,Silage
Z7830,2024-09-20,23.62,Silage
I8517,2024-09-21,19.31,Silage
Y4775,2024-09-22,19.37,Silage
M4054,2024-09-22,18.43,Silage
J6910,2024-09-22,17.3,Silage
K9325,2024-09-22,19.78,Silage
O194,2024-09-23,22.88,Silage
D8719,2024-09-23,25.03,Hay
V472,2024-09-23,17.26,Silage
E3229,2024-09-23,19.27,Silage
Y4775,2024-09-23,19.41,Silage
F9953,2024-09-23,21.33,Silage
E9760,2024-09-23,22.82,Silage
P6677,2024-09-23,15.38,Silage
G685,2024-09-24,25.84,Silage
I8517,2024-09-25,16.91,Silage
Y4775,2024-09-25,20.88,Hay
K4714,2024-09-25,23.44,Silage
V3979,2024-09-26,16.68,Silage
H985,2024-09-26,15.04,Hay
R4684,2024-09-26,15.71,Silage
Y4092,2024-09-26,16.93,Hay
U8535,2024-09-27,19.13,Silage
I5026,2024-09-27,23.26,Silage
Q711,2024-09-27,17.12,Silage
R3357,2024-09-27,20.35,Silage
Q711,2024-09-27,21.64,Silage
R3357,2024-09-27,22.28,Silage
Y9266,2024-09-27,22.04,Silage
I7447,2024-09-28,18.51,Silage
E5966,2024-09-29,16.47,Hay
I7447,2024-09-29,20.6,Silage
S6097,2024-09-29,18.21,Silage
G150,2024-09-30,19.76,Silage
D9038,2024-09-30,18.93,Silage
G685,2024-10-01,20.07,Silage
U8535,2024-10-01,22.86,Silage
V7756,2024-10-01,23.65,Hay
K9325,2024-10-02,19.36,Silage
N9197,2024-10-02,22.86,Silage
Z7830,2024-10-03,22.26,Hay
C4705,2024-10-03,14.89,Silage
V3979,2024-10-04,15.51,Silage
F2131,2024-10-04,24.1,Silage
O7477,2024-10-04,21.05,Hay
G685,2024-10-05,24,Silage
M2207,2024-10-06,19.26,Silage
V3948,2024-10-07,23.56,Hay
R5369,2024-10-07,26.73,Silage
M4054,2024-10-07,20.95,Silage
I2506,2024-10-08,21.11,Silage
J7734,2024-10-09,19.79,Silage
V3979,2024-10-09,20.17,Hay
W8010,2024-10-10,17.18,Silage
B3068,2024-10-10,18.9,Hay
H2377,2024-10-10,18.13,Silage
Y4092,2024-10-10,19.49,Silage
G2757,2024-10-10,24.68,Silage
G150,2024-10-11,23,Hay
J7734,2024-10-13,21.07,Silage
Z3123,2024-10-13,20.25,Silage
L9829,2024-10-13,19.21,Hay
Y6643,2024-10-13,18.66,Silage
F2131,2024-10-15,23.65,Silage
Q9174,2024-10-15,20.42,Silage
K9325,2024-10-16,19.07,Hay
C4705,2024-10-16,20.59,Silage
S6386,2024-10-17,18.28,Silage
I8517,2024-10-18,25.13,Hay
F9953,2024-10-18,27.76,Hay
V472,2024-10-19,16.9,Silage
V3979,2024-10-19,22.92,Silage
U5357,2024-10-19,18.21,Hay
D9038,2024-10-20,19.43,Silage
G150,2024-10-20,18.29,Silage
D9038,2024-10-20,17.58,Silage
J9639,2024-10-20,21.17,Hay
U1955,2024-10-20,21.64,Silage
C4705,2024-10-20,15.52,Hay
L9829,2024-10-20,17.94,Hay
N7280,2024-10-20,12.03,Silage
V9643,2024-10-20,23,Silage
D8719,2024-10-20,17.48,Hay
G2757,2024-10-21,18.09,Silage
M2207,2024-10-21,21.72,Silage
Y9266,2024-10-22,19.73,Hay
E9760,2024-10-22,19.35,Silage
G2757,2024-10-22,19.85,Hay
U1955,2024-10-22,19.26,Silage
Y4775,2024-10-22,19.1,Silage
I8517,2024-10-23,21.16,Hay
O8173,2024-10-23,17.02,Silage
I5026,2024-10-24,20.52,Hay
Z3123,2024-10-25,22.95,Silage
N9692,2024-10-25,21.16,Hay
O6552,2024-10-25,14.65,Silage
C4705,2024-10-26,18.31,Hay
H9517,2024-10-26,21.8,Silage
O194,2024-10-26,18.09,Silage
K4714,2024-10-27,18.23,Hay
S9300,2024-10-27,19.37,Silage
I7447,2024-10-28,23.66,Silage
S6386,2024-10-29,17.41,Silage
I1385,2024-10-29,13.1,Silage
E9760,2024-10-29,18.1,Silage
A7863,2024-10-30,17.41,Hay
Z3123,2024-10-30,17.78,Silage
L9829,2024-10-30,14.63,Silage
J6910,2024-10-30,20.19,Silage
M2207,2024-10-31,20.94,Silage
Y6643,2024-10-31,19.99,Silage
Q711,2024-11-01,14.7,Silage
U1955,2024-11-01,20.81,Hay
O8173,2024-11-01,19.51,Silage
T4649,2024-11-01,15.18,Hay
J7734,2024-11-02,21.87,Silage
Z3123,2024-11-02,20.51,Silage
O6552,2024-11-02,19.63,Silage
G150,2024-11-03,19.5,Silage
U5357,2024-11-04,18.82,Silage
Z3123,2024-11-04,17.86,Hay
D8719,2024-11-04,18.97,Silage
H9517,2024-11-05,15.66,Hay
H9517,2024-11-05,22.83,Silage
K9325,2024-11-05,21.49,Hay
A7863,2024-11-05,18.55,Silage
S9300,2024-11-06,21.03,Silage
F9953,2024-11-06,21.67,Silage
M2207,2024-11-06,18.8,Silage
H9517,2024-11-08,17.75,Silage
V3948,2024-11-08,18.74,Silage
K9325,2024-11-08,17.94,Silage
L4232,2024-11-09,19.3,Silage
U1955,2024-11-09,22.01,Silage
Y4775,2024-11-10,21.49,Silage
D8719,2024-11-10,22.99,Silage
V3979,2024-11-11,14.34,Silage
G685,2024-11-11,21.33,Hay
G8171,2024-11-11,23.32,Hay
C7126,2024-11-12,22.58,Hay
J6077,2024-11-12,22.19,Silage
N9692,2024-11-12,21.79,Hay
G1028,2024-11-12,21.51,Silage
Z4043,2024-11-12,20.25,Silage
D9038,2024-11-13,18.51,Silage
U8535,2024-11-13,19.43,Silage
I2506,2024-11-13,20.88,Hay
O194,2024-11-13,18.39,Silage
O7477,2024-11-13,19.57,Hay
S6097,2024-11-13,17.8,Hay
G2757,2024-11-13,22.28,Hay
S9300,2024-11-13,19.27,Hay
M2207,2024-11-13,15.49,Silage
T4649,2024-11-14,17.31,Silage
S6097,2024-11-15,17.72,Hay
J6077,2024-11-15,15.09,Silage
O194,2024-11-15,13.8,Silage
I5026,2024-11-16,15.03,Silage
U5357,2024-11-16,20.96,Silage
Y7815,2024-11-17,22.82,Hay
V4575,2024-11-17,21.5,Silage
G2757,2024-11-18,18.68,Silage
Y4092,2024-11-18,21.7,Silage
J6910,2024-11-20,23.65,Silage
J6077,2024-11-20,25.37,Hay
O7477,2024-11-20,15.5,Hay
G150,2024-11-20,21.18,Silage
Y7815,2024-11-20,23.96,Silage
D8719,2024-11-20,21.83,Silage
B984,2024-11-20,24.62,Hay
E6182,2024-11-20,25.49,Hay
Q3500,2024-11-20,17.02,Silage
Y6643,2024-11-20,14.2,Silage
V3948,2024-11-20,17.92,Silage
S5427,2024-11-20,19.96,Silage
V3948,2024-11-20,21.54,Silage
G2757,2024-11-20,22.9,Silage
U8535,2024-11-20,11.8,Silage
I5026,2024-11-20,23.96,Silage
E6182,2024-11-21,21.47,Silage
F5883,2024-11-21,18.79,Hay
S5427,2024-11-22,17.31,Silage
M4054,2024-11-23,16.15,Silage
M4054,2024-11-23,17.35,Silage
G2757,2024-11-23,22.05,Hay
V472,2024-11-23,20.61,Hay
T4649,2024-11-24,25.06,Hay
V7756,2024-11-24,18.05,Silage
V472,2024-11-24,17,Silage
O194,2024-11-25,29.05,Silage
T4649,2024-11-26,15.3,Silage
Z7830,2024-11-27,21.89,Silage
V472,2024-11-27,16.51,Silage
V3948,2024-11-27,17.42,Silage
E6182,2024-11-28,14.92,Silage
E9760,2024-11-28,16.95,Silage
K9325,2024-11-28,14.18,Silage
Y9266,2024-11-28,22.63,Silage
W8010,2024-11-29,16.33,Silage
K4714,2024-11-29,19.74,Silage
N9197,2024-11-29,21.16,Silage
S6386,2024-11-30,20.4,Silage
I5026,2024-12-01,19.15,Silage
Y4092,2024-12-02,18.49,Silage
V3979,2024-12-02,19,Silage
J6910,2024-12-03,22.18,Silage
Z4043,2024-12-03,16.98,Silage
Z4043,2024-12-04,22.58,Silage
Q3500,2024-12-04,16.58,Hay
A7863,2024-12-04,22.76,Hay
M2207,2024-12-05,16.62,Hay
E9760,2024-12-06,22.13,Hay
V4575,2024-12-06,21.5,Hay
A7863,2024-12-07,21.82,Silage
U6809,2024-12-08,15.11,Hay
T5602,2024-12-08,19.29,Silage
J9639,2024-12-09,20.94,Silage
U1955,2024-12-09,24.32,Silage
V472,2024-12-10,19.42,Silage
P3832,2024-12-10,21.35,Hay
N9197,2024-12-10,20.28,Silage
U1955,2024-12-11,17.77,Hay
G8171,2024-12-11,22.71,Silage
R5369,2024-12-12,19.01,Silage
I2506,2024-12-12,15.31,Silage
L4232,2024-12-12,21.66,Silage
J7734,2024-12-12,23.05,Silage
Z7830,2024-12-13,24.62,Hay
G685,2024-12-13,24.68,Silage
R5369,2024-12-13,18.92,Hay
J9639,2024-12-14,20.63,Silage
F5883,2024-12-15,20.72,Silage
G150,2024-12-15,19.51,Silage
Q3500,2024-12-15,21.61,Silage
Q9174,2024-12-16,20.03,Hay
J6910,2024-12-16,22.58,Silage
N7280,2024-12-16,16.06,Silage
F9953,2024-12-16,20.24,Silage
V9643,2024-12-16,19.77,Silage
V7756,2024-12-17,23.15,Silage
K9325,2024-12-17,20.53,Hay
V9643,2024-12-18,19.63,Hay
S5427,2024-12-18,16.74,Hay
V3979,2024-12-18,26.73,Silage
V9643,2024-12-18,22.88,Hay
M1583,2024-12-18,20.13,Hay
U1955,2024-12-19,18.23,Silage
K4714,2024-12-19,16.96,Silage
T4649,2024-12-20,18.31,Silage
J6077,2024-12-20,18.08,Hay
T4649,2024-12-20,20.02,Silage
P6677,2024-12-20,15.36,Silage
J6910,2024-12-20,23.07,Silage
F5883,2024-12-20,19.65,Hay
I8517,2024-12-21,19.59,Silage
V9643,2024-12-21,16.34,Silage
O7477,2024-12-22,15.34,Hay
R4684,2024-12-22,18.78,Silage
E6182,2024-12-22,20.24,Silage
S6386,2024-12-23,16.79,Silage
H2377,2024-12-23,16.04,Silage
Q3500,2024-12-23,14.64,Silage
V3979,2024-12-24,21.41,Silage
A7863,2024-12-24,14.64,Silage
V3979,2024-12-25,23.84,Silage
L4232,2024-12-26,22.87,Silage
K3463,2024-12-26,17.01,Hay
O194,2024-12-26,13.73,Silage
K4714,2024-12-26,25.19,Silage
V3979,2024-12-27,16.48,Silage
V9643,2024-12-27,19.6,Hay
M1583,2024-12-28,17.43,Silage
O194,2024-12-28,22.78,Silage
C4705,2024-12-28,23.83,Silage
T5602,2024-12-28,23.2,Hay
H9517,2024-12-29,21.76,Silage
D8719,2024-12-29,19.03,Silage
D8719,2024-12-30,23.42,Silage
L4232,2024-12-31,17.36,Hay
S9300,2024-12-31,20.51,Silage
Z4043,2024-12-31,20.9,Hay
S5427,2024-12-31,13.11,Hay
